Identifier,Country,Year,M0/GDP,M1/GDP,M0/M1,∆ Debt/GDP,Debt Growth,Invest/GDP,REER,Inflation Rate,ST Interest,HPI,Curve,UR,CreditSprd,Nom GDPg,Depression
Australia1986,Australia,1986,0.051300924,0.103411475,0.496085409,0.014099999,0.157781147,0.263640781,-10.72687531,9.090435028,16.45166588,0.556200027,-3.034998894,8.116999626,1.701665878,0.088047217,0
Australia1987,Australia,1987,0.051234483,0.110916979,0.461917404,-0.0135,0.059907999,0.267656535,-0.159408569,8.487575531,13.75,1.57959938,-0.558333397,8.107999802,2.5,0.124770912,0
Australia1988,Australia,1988,0.049947498,0.115995522,0.430598504,0.027600003,0.272617109,0.287930048,7.931350708,7.21205616,12.80000019,6.289800644,-0.695833206,7.199999809,-1.75,0.131101252,0
Australia1989,Australia,1989,0.044961559,0.111851071,0.401977011,-0.078039989,-0.228738434,0.305287655,6.050262451,7.580321312,17.61166573,2.68239975,-4.203331947,6.132999897,-0.288333893,0.124983006,0
Australia1990,Australia,1990,0.045070702,0.112900379,0.399207709,-0.006090012,0.025519774,0.271063204,-2.148475647,7.232851028,14.54333305,0.308300018,-1.363332748,6.941999912,2.543333054,0.063585405,0
Australia1991,Australia,1991,0.04670995,0.120489157,0.387669323,0.052000011,0.326476582,0.224111445,-1.380363464,3.307223558,10.22583294,1.185499191,0.465000153,9.607999802,1.725832939,0.007243031,1
Australia1992,Australia,1992,0.047735369,0.139486468,0.342222222,0.060249984,0.326927833,0.224007019,-8.218444824,0.968828976,6.465833187,0.197099686,2.75416708,10.74199963,0.715833187,0.037598858,0
Australia1993,Australia,1993,0.048288271,0.155981221,0.309577465,0.030330025,0.168507445,0.239418936,-5.318122864,1.752190232,5.151666641,0.79129982,2.129166603,10.88300037,0.401666641,0.052933148,0
Australia1994,Australia,1994,0.04923613,0.163257188,0.301586294,0.010439972,0.096496904,0.257942327,3.579078674,1.927019238,5.656666756,1.04250145,3.385000229,9.717000008,-1.843333244,0.060395489,0
Australia1995,Australia,1995,0.048736526,0.163841587,0.297461263,-0.005659983,0.041985877,0.253702669,-1.686569214,4.625905037,7.643807888,0.085800171,1.56708765,8.482999802,0.143807888,0.060923108,0
Australia1996,Australia,1996,0.060830601,0.175810986,0.346,-0.017980014,-0.000476068,0.247518309,6.853034973,2.652825832,7.016424656,0.534000397,1.192781925,8.524999619,1.016424656,0.060765896,0
Australia1997,Australia,1997,0.052250675,0.188515385,0.277169288,-0.034380007,-0.068024424,0.245862111,-0.413948059,0.224719107,5.290240765,1.948200226,1.66467762,8.366999626,0.290240765,0.055653842,0
Australia1998,Australia,1998,0.05274645,0.189507215,0.278334786,-0.022089985,-0.034497578,0.262297058,-6.710617065,0.859491765,4.836814404,2.199398041,0.656156063,7.691999912,0.086814404,0.055501301,0
Australia1999,Australia,1999,0.046585997,0.197104846,0.236351351,-0.011539987,0.003147918,0.263234732,0.252975464,1.407928824,4.758450031,3.47069931,1.250862122,6.867000103,-0.241549969,0.054497781,0
Australia2000,Australia,2000,0.045352954,0.200088702,0.226664244,-0.030490014,-0.068238492,0.250955365,-3.065505981,4.457435131,5.976084232,2.625202179,0.338485241,6.291999817,-0.273915768,0.077488214,0
Australia2001,Australia,2001,0.050645589,0.228353923,0.2217855,-0.023889993,-0.067439019,0.234587072,-2.874656677,4.407135487,4.800189972,6.601200104,0.815074444,6.775000095,0.550189972,0.062801096,0
Australia2002,Australia,2002,0.047910799,0.273962105,0.174881119,-0.020960006,-0.060014506,0.253727066,3.290603638,3.048576117,4.450031757,9.197898865,1.393926144,6.357999802,-0.299968243,0.071245329,0
Australia2003,Australia,2003,0.046756342,0.284192471,0.164523507,-0.018240001,-0.067864616,0.267156815,8.51134491,2.730819225,4.895833492,11.02220154,0.47094202,5.941999912,-0.354166508,0.061076307,0
Australia2004,Australia,2004,0.044803296,0.281612418,0.159095597,-0.012790008,-0.026968553,0.272489722,6.049728394,2.341772079,5.478333473,0.194900513,0.112441063,5.382999897,0.228333473,0.07755048,0
Australia2005,Australia,2005,0.044584971,0.288514152,0.154533046,-0.010489995,-0.017056471,0.277465972,2.543144226,2.659245491,5.64416647,1.645698547,-0.304193497,5.032999992,0.14416647,0.077906439,0
Australia2006,Australia,2006,0.043699973,0.29731208,0.146983511,-0.009199997,-0.013233442,0.271602407,-0.725479126,3.554216862,5.988333225,6.098701477,-0.400461197,4.791999817,-0.261666775,0.078115414,0
Australia2007,Australia,2007,0.045700609,0.308651502,0.148065402,-0.002729999,0.06007149,0.281093635,5.093704224,2.356020927,6.667500019,10.26139832,-0.672979355,4.375,-0.082499981,0.090014524,0
Australia2008,Australia,2008,0.059510089,0.320370537,0.18575394,0.020769992,0.324959005,0.288168173,-1.959060669,4.347826004,6.973333359,-3.48500061,-1.155389309,4.25,2.723333359,0.090591861,0
Australia2009,Australia,2009,0.045177055,0.326311517,0.138447626,0.048800004,0.446656995,0.265437338,-2.780784607,1.77015245,3.147518158,12.00389862,1.891993523,5.574999809,-0.602481842,0.021937538,0
Australia2010,Australia,2010,0.042534388,0.326056408,0.130451012,0.037280004,0.32357897,0.264944732,12.40662384,2.863259315,4.441249847,4.259399414,0.924791813,5.208000183,-0.308750153,0.081107085,0
Australia2011,Australia,2011,0.041223375,0.308970561,0.133421691,0.036900018,0.270159307,0.269298833,6.963722229,3.355879307,4.556041718,-4.065795898,0.323541641,5.083000183,0.306041718,0.075197171,0
Australia2012,Australia,2012,0.041905832,0.332105828,0.126182162,0.034809971,0.181434348,0.282680784,2.059532166,1.686383128,3.493541718,2.904197693,-0.114375114,5.232999802,0.493541718,0.032000474,0
Australia2013,Australia,2013,0.056379793,0.3674644,0.153429266,0.029450001,0.146340194,0.271498682,-5.547744751,2.450495005,2.828125,9.874099731,0.894916773,5.657999992,0.328125,0.035529057,0
Australia2014,Australia,2014,0.057184012,0.398693159,0.143428627,0.035700017,0.148722387,0.263461489,-5.134849548,2.512684107,2.67750001,7.357200623,0.98633337,6.058000088,0.17750001,0.028234056,0
Australia2015,Australia,2015,0.061334766,0.446071993,0.137499701,0.036899999,0.126143491,0.260941084,-8.520751953,1.484798551,2.255833387,10.06780243,0.464666605,6.058000088,0.255833387,0.015994806,0
Austria1987,Austria,1987,0.062910234,0.136497311,0.460889918,0.037799665,0.112846878,0.249027493,2.747138977,1.401955366,4.541643143,4.792701721,2.468357086,3.799999952,0.911643028,0.038271902,0
Austria1988,Austria,1988,0.063400928,0.141554773,0.447889723,0.012388033,0.071762793,0.260339949,-0.312232971,1.915718913,4.781826496,5.185600281,2.078173637,2.676000118,0.031826496,0.04873056,0
Austria1989,Austria,1989,0.064400701,0.133930656,0.480851087,-0.00773781,0.055312471,0.267766469,-1.247924805,2.568347216,7.749283791,8.799900055,-0.599283695,2.34800005,0.499283791,0.069670778,0
Austria1990,Austria,1990,0.063102845,0.131137257,0.481196925,-0.00379397,0.067586934,0.266400117,1.81262207,3.261872292,8.964166641,14.29969788,-0.194166183,2.72300005,0.964166641,0.074756753,0
Austria1991,Austria,1991,0.063311317,0.131469903,0.481565097,0.002180734,0.076226935,0.277201302,-2.04019928,3.33742547,9.46333313,11.31410217,-0.90333271,3.151000023,0.21333313,0.072088423,0
Austria1992,Austria,1992,0.063205419,0.13249728,0.47703182,-0.001305948,0.054021749,0.271454714,1.817848206,4.020849705,9.460000038,7.621299744,-2.090000153,3.289999962,0.960000038,0.056454595,0
Austria1993,Austria,1993,0.064813115,0.139914749,0.463232901,0.046812725,0.11845077,0.254087913,2.714820862,3.63178277,7.023333549,1.650001526,-0.32333374,3.957999945,1.423333645,0.032984138,0
Canada1986,Canada,1986,0.029603327,0.178952312,0.165425785,0.041570009,0.120387954,0.215219414,-9.725105286,4.194785118,8.970833778,5.199899673,0.174707413,9.607999802,0.480834007,0.053203127,0
Canada1987,Canada,1987,0.029460107,0.185500816,0.158813894,0.004379983,0.097477895,0.223590372,0.141418457,4.356108665,8.145833015,3.914600372,1.324874878,8.800000191,-0.514166832,0.090587319,0
Canada1988,Canada,1988,0.029095828,0.174932921,0.166325629,-0.000159943,0.091260639,0.236701899,5.254844666,4.028233528,9.482500076,7.445800781,0.348416328,7.775000095,-1.707499504,0.091510893,0
Canada1989,Canada,1989,0.029244512,0.174014373,0.168058025,0.012419947,0.090356974,0.237470201,6.993080139,4.983625412,12.05416679,3.657596588,-2.271913528,7.507999897,-0.415833473,0.071279993,0
Canada1990,Canada,1990,0.02882814,0.176783209,0.163070576,0.027570039,0.075842119,0.213860225,-1.217414856,4.780479908,12.8083334,-3.220096588,-2.081255913,8.149999619,1.08833313,0.03562053,0
Canada1991,Canada,1991,0.030237698,0.183708832,0.164595777,0.0791399,0.117302805,0.192194627,2.938934326,5.625858307,8.726666451,1.542396545,0.729259491,10.31700039,1.056666374,0.00901796,1
Canada1992,Canada,1992,0.032250611,0.186997454,0.172465508,0.065720125,0.106137295,0.181927131,-8.846809387,1.490137935,6.585000038,2.137702942,1.476232529,11.21700001,-0.775000095,0.023744145,0
Canada1993,Canada,1993,0.030145763,0.18909639,0.159420085,0.064999991,0.116414011,0.184293415,-6.373176575,1.865449548,4.843333244,-0.067699432,2.401737213,11.375,0.733333111,0.039810087,0
Canada1994,Canada,1994,0.034470916,0.193243318,0.178380893,0.027499959,0.090926971,0.195636967,-7.907844543,0.136372492,5.538333416,1.461196899,2.826534748,10.3920002,-0.151666641,0.06015097,0
Canada1995,Canada,1995,0.033657159,0.185474757,0.181464902,0.026039992,0.078114161,0.193805832,-2.725242615,2.188715935,6.892499924,-1.930198669,1.117500305,9.467000008,1.112499714,0.050063639,0
Canada1996,Canada,1996,0.033471577,0.194110724,0.172435486,0.001600005,0.035578207,0.188784114,0.842353821,1.580199957,4.20666647,0.040599823,2.703333378,9.607999802,1.20666647,0.03392531,0
Canada1997,Canada,1997,0.033244168,0.204556708,0.162518101,-0.04971998,0.002453282,0.213435275,-0.784065247,1.611845136,3.258333445,0.807300568,2.641666651,9.092000008,-0.991666555,0.054768711,0
Canada1998,Canada,1998,0.034362946,0.210316536,0.163386801,-0.019820004,0.015497646,0.211036545,-4.701751709,0.986811757,4.73083353,-0.30670166,0.548219681,8.291999817,-0.26916647,0.037072484,0
Canada1999,Canada,1999,0.03841548,0.207235742,0.185370921,-0.043239982,0.021967525,0.208248216,-0.926452637,1.744292259,4.719749928,2.295501709,0.821352005,7.566999912,-0.030250072,0.071638024,0
Canada2000,Canada,2000,0.032855034,0.208503074,0.157575776,-0.085290056,-0.007830897,0.207064465,0.368804932,2.737635851,5.489833355,1.583000183,0.435578346,6.833000183,-0.260166645,0.097372131,0
Canada2001,Canada,2001,0.033777674,0.221487528,0.152503728,0.010250022,0.047968728,0.196613845,-2.221694946,2.507426262,3.768583298,2.805198669,1.711688995,7.224999905,1.518583298,0.034782577,0
Canada2002,Canada,2002,0.034456067,0.233276624,0.147704755,-0.018580045,0.019156071,0.197998817,-0.641067505,2.275632858,2.585750103,5.750099182,2.705156803,7.683000088,-0.164249897,0.042943778,0
Canada2003,Canada,2003,0.033751824,0.230485583,0.146437897,-0.036919945,0.002394622,0.2053665,8.188545227,2.741666555,2.870083332,6.336402893,1.940461159,7.592000008,0.120083332,0.051146274,0
Canada2004,Canada,2004,0.033345037,0.234229422,0.142360584,-0.040229994,0.008126085,0.214014648,4.487182617,1.841187477,2.219916582,5.073699951,2.359689951,7.150000095,-0.280083418,0.064542095,0
Canada2005,Canada,2005,0.032737991,0.234173575,0.139802241,-0.012490014,0.045787856,0.226646924,5.095901489,2.230009556,2.726083279,6.847198486,1.340846062,6.75,-0.523916721,0.064278661,0
Canada2006,Canada,2006,0.032581898,0.241036248,0.135174268,-0.007200019,0.042037286,0.235809874,4.995910645,2.017762661,4.034166813,9.937896729,0.173593044,6.449999809,-0.215833187,0.052767676,0
Canada2007,Canada,2007,0.032050738,0.249093179,0.128669673,-0.027390028,0.012865584,0.238456804,3.060112,2.13058424,4.151666641,9.086006165,0.118100643,6.157999992,-0.098333359,0.05416062,0
Canada2008,Canada,2008,0.032426054,0.257477146,0.1259376,0.031740072,0.099937765,0.24052875,-2.608772278,2.385225058,2.390000105,-3.90410614,1.215302229,6.308000088,0.890000105,0.050314992,0
Canada2009,Canada,2009,0.035299878,0.304780723,0.115820573,0.114490005,0.102591972,0.219052092,-4.411087036,0.299423069,0.349999994,4.897903442,2.88061896,8.475000381,0.099999994,-0.051722921,1
Canada2010,Canada,2010,0.034737414,0.319396372,0.108759576,0.021719906,0.088427728,0.233996259,8.425193787,1.769331574,0.597500026,3.194396973,2.637640059,8.157999992,-0.402499974,0.060276173,0
Germany1986,Germany,1986,0.049830214,0.149053537,0.334310845,-0.001426405,0.049738093,0.236434064,5.880142212,-0.129413918,4.635000229,-0.17590332,1.254999638,7.834000111,-0.014999866,0.053554907,0
Germany1987,Germany,1987,0.053627685,0.156201277,0.343324244,0.010245969,0.053820068,0.230384196,3.467315674,0.249908328,4.03249979,-0.199699402,2.107500076,7.842999935,0.78249979,0.026997544,0
Germany1988,Germany,1988,0.058115459,0.165064041,0.352078249,0.004183996,0.065565061,0.237861661,-2.222251892,1.274122238,4.330833435,1.756500244,2.159166336,7.735000134,-0.669166565,0.054603795,0
Germany1989,Germany,1989,0.05701354,0.163866747,0.347926233,-0.013364416,0.033756834,0.247814617,-2.380577087,2.7805655,7.11833334,3.678604126,0.231666565,6.789999962,-0.181666851,0.068877891,0
Germany1990,Germany,1990,0.057938643,0.193938332,0.298747763,0.015485912,0.131145015,0.253733985,3.143112183,2.696466446,8.488333702,6.001594543,0.24166584,6.15500021,-0.061666489,0.08830149,0
Germany1991,Germany,1991,0.057955913,0.186675674,0.310463125,-0.022014524,0.025168601,0.263381632,-1.870742798,4.047033787,9.246666908,4.265106201,-0.796667099,5.46999979,-0.303333282,0.083509361,0
Germany1992,Germany,1992,0.063747105,0.195431261,0.326186838,0.024238051,0.136923327,0.256300362,4.968902588,5.056977749,9.517499924,4.441299438,-1.677499771,6.592000008,0.767499924,0.069888032,0
Germany1993,Germany,1993,0.065237311,0.206487731,0.31593795,0.037382802,0.121070684,0.240966381,4.332954407,4.474584579,7.295000076,4.182296753,-0.784999847,7.775000095,1.295000076,0.027620678,1
Germany1994,Germany,1994,0.069567799,0.210373022,0.330687832,0.023567812,0.10159905,0.24572341,0.779182434,2.693050623,5.364166737,3.096099854,1.505833149,8.425000191,0.514166832,0.046597679,0
Germany1995,Germany,1995,0.070752223,0.217637063,0.325092715,0.076885278,0.202872719,0.24471883,5.22568512,1.70616436,4.531666756,0.10320282,2.318333149,8.232999802,0.781666756,0.034389054,0
Germany1996,Germany,1996,0.073126976,0.240842096,0.303630375,0.028303266,0.067703799,0.235003863,-4.405265808,1.243053198,3.305000067,-1.89289856,2.914999723,8.907999992,0.305000067,0.015350108,0
Germany1997,Germany,1997,0.071637682,0.24060916,0.297734642,0.011035038,0.040304313,0.234214527,-6.628257751,1.507482409,3.325000048,-1.618301392,2.314999819,9.657999992,0.025000095,0.020789254,0
Germany1998,Germany,1998,0.068570989,0.258090063,0.265686279,0.006116538,0.036462718,0.240062137,0.1769104,0.59620595,3.544166565,-0.368598938,1.025833607,9.383000374,0.544166565,0.025796692,0
Germany1999,Germany,1999,7.13997E-05,0.26234274,0.000272162,0.009123279,0.04155729,0.23689502,-3.47644043,0.646551728,2.96348834,0.245697021,1.526511431,8.557999611,1.21348834,0.025811595,0
Germany2000,Germany,2000,6.66703E-05,0.2648697,0.00025171,-0.011098061,0.00862539,0.239604955,-7.212409973,1.413276196,4.391765594,0.494804382,0.868234634,7.949999809,1.141765594,0.027521205,0
Germany2001,Germany,2001,3.77559E-05,0.277604411,0.000136006,-0.011760731,0.011646083,0.227779868,0.024772644,1.900337815,4.261780262,-0.509605408,0.538219929,7.800000191,1.199280262,0.032136946,0
Germany2002,Germany,2002,5.02908E-05,0.305897139,0.000164404,0.017604429,0.043776576,0.201760987,1.057937622,1.32615006,3.318601608,-0.864601135,1.461398602,8.600000381,1.193601608,0.013061261,1
Germany2003,Germany,2003,5.61417E-05,0.332322783,0.000168937,0.035192961,0.067040855,0.196087369,5.368331909,1.073619604,2.333474159,-1.620094299,1.736526012,9.708000183,1.208474159,0.007756912,1
Germany2004,Germany,2004,6.16808E-05,0.342475919,0.000180103,0.016229883,0.044651487,0.189765622,1.49823761,1.780475497,2.106323004,-0.927604675,1.933676958,10.33300018,1.106323004,0.018553941,0
Germany2005,Germany,2005,6.84611E-05,0.374518942,0.000182797,0.021531297,0.04964938,0.18718692,-2.431152344,1.928237796,2.184689283,-0.683395386,1.165310621,11.00800037,1.122189283,0.015977518,0
Germany2006,Germany,2006,7.28069E-05,0.378712241,0.000192248,-0.007227248,0.033764777,0.198916539,-0.963272095,1.774744034,3.07921195,0.260795593,0.68078804,10.04199982,1.14171195,0.045017279,0
Germany2007,Germany,2007,7.46732E-05,0.377497691,0.000197811,-0.027081297,0.006081095,0.207989312,1.511024475,2.27076745,4.277596474,0.200004578,-0.057596684,8.541999817,1.340096474,0.048861204,0
Germany2008,Germany,2008,8.24695E-05,0.39691473,0.000207776,0.014701997,0.039460827,0.20898563,0.113517761,2.754356384,4.634232521,3.299995422,-0.654232502,7.425000191,1.821732521,0.016007065,0
Germany2009,Germany,2009,8.36024E-05,0.483162717,0.000173031,0.071778014,0.070045269,0.179962053,0.581214905,0.246170685,1.228349805,-1.199996948,1.991650224,7.224999905,0.915849805,-0.036133212,1
Germany2010,Germany,2010,8.31897E-05,0.501236683,0.000165969,0.086708834,0.172738846,0.195267548,-6.463150024,1.118690372,0.810953915,1.599998474,1.929046094,6.574999809,0.560953915,0.047210901,0
Denmark1986,Denmark,1986,0.027750285,0.225047746,0.123308434,-0.081333755,-0.041009659,0.238590636,5.502075195,3.678187132,9.137728691,1.786499023,0.932271004,4.982999802,2.137728691,0.072840739,0
Denmark1987,Denmark,1987,0.028242714,0.230066923,0.122758688,-0.044803641,-0.016858817,0.220271395,4.186759949,4.019989967,10.10833359,-3.22359848,1.181666374,5,3.108333588,0.05193539,0
Denmark1988,Denmark,1988,0.028407264,0.246194816,0.115385306,0.021610796,0.076537526,0.210574981,0.030189514,4.535135269,8.591597557,1.329998016,1.278402328,5.657999992,1.591597557,0.041389055,1
Denmark1989,Denmark,1989,0.028366993,0.244804834,0.115875952,-0.025258487,0.015345526,0.213244936,-1.592102051,4.772727489,9.40251255,-1.504699707,0.297487259,6.824999809,2.40251255,0.05562883,0
Denmark1990,Denmark,1990,0.028587485,0.248316435,0.115125222,0.00132333,0.044003154,0.20792646,4.183227539,2.64160037,11.17800522,-2.524898529,-0.548005104,7.166999817,2.678005219,0.041837585,0
Denmark1991,Denmark,1991,0.028716068,0.264934791,0.108389192,0.008131023,0.054058759,0.196001117,-3.853515625,2.395153284,9.918040276,1.194999695,-0.648039818,7.867000103,0.418040276,0.040793617,0
Denmark1992,Denmark,1992,0.027499643,0.267589477,0.10276803,0.0529009,0.122044384,0.189233793,0.915718079,2.096041918,11.69775867,-1.726902008,-2.707758904,8.607999802,-1.302241325,0.037126947,0
Denmark1993,Denmark,1993,0.028968034,0.317037243,0.091371076,0.124780277,0.184382166,0.173548971,0.053398132,1.257861614,10.86824226,2.775001526,-3.568242073,9.532999992,4.118242264,0.004980188,1
Denmark2001,Denmark,2001,0.034466815,0.302308609,0.114012019,-0.034535091,-0.0318266,0.21749432,0.964653015,2.337874889,4.702664375,2.242996216,0.377335548,4.507999897,1.102664471,0.034912882,0
Denmark2002,Denmark,2002,0.033762452,0.310372257,0.108780508,0.00223886,0.033164194,0.212568326,1.848754883,2.424436569,3.543719053,2.667800903,1.51628089,4.642000198,0.593719006,0.028567676,0
Denmark2003,Denmark,2003,0.034530011,0.326331714,0.105812613,-0.021610759,-0.024355902,0.208859917,4.933937073,2.075078249,2.423353672,2.700904846,1.886646271,5.433000088,0.273353577,0.019422177,0
Denmark2004,Denmark,2004,0.03447035,0.355133649,0.097063036,-0.019467486,0.006782106,0.216460956,0.89037323,1.154356956,2.19504714,9.818000793,2.104953051,5.517000198,0.045047045,0.049191279,0
Denmark2005,Denmark,2005,0.035354858,0.401947883,0.087958812,-0.068524515,-0.102909989,0.221712914,-1.261947632,1.817814589,2.224244595,20.95969391,1.175755501,4.800000191,-0.175755501,0.053259337,0
Denmark2006,Denmark,2006,0.035464962,0.415926812,0.085267315,-0.061746919,-0.106406606,0.242627481,-0.407066345,1.924221396,3.180477142,14.78220367,0.6295228,3.900000095,-0.569522858,0.059847517,0
Denmark2007,Denmark,2007,0.035311476,0.438305454,0.080563623,-0.037069205,-0.081172624,0.252313707,0.669502258,1.693265915,4.441651821,0,-0.151651859,3.617000103,0.191651821,0.03435926,0
Denmark2008,Denmark,2008,0.033863233,0.423645166,0.07993301,0.060601768,0.251605021,0.240357215,1.340621948,3.416267872,5.262556553,-12.79650116,-0.982556343,2.650000095,1.512556553,0.038193337,1
Denmark2009,Denmark,2009,0.035130952,0.461593698,0.076107954,0.075050126,0.157493894,0.190326095,2.718605042,1.304709911,2.499274015,-4.964202881,1.090725899,4.833000183,1.549274027,-0.044311737,1
Denmark2010,Denmark,2010,0.034498398,0.446284453,0.077301368,0.030786927,0.123169745,0.178221535,-4.462089539,2.310924292,1.248442292,2.53730011,1.681557775,6.058000088,0.548442304,0.048201996,0
Spain1986,Spain,1986,0.074036711,0.202588772,0.365453181,0.012880693,0.181470156,0.21464674,5.210037231,8.794938087,11.65775013,2.757599831,-0.297750473,20.90699959,-0.155249596,0.144872833,0
Spain1987,Spain,1987,0.075591991,0.209491267,0.360835999,0.003002582,0.126289204,0.228952743,3.533180237,5.248023987,14.04500008,4.781099319,-1.234999657,20.22299957,0.545000076,0.118214857,0
Spain1988,Spain,1988,0.077947623,0.22168139,0.351620056,-0.035031197,0.020187686,0.250660873,4.264526367,4.837265968,10.78583336,4.117099762,0.964166641,19.23800087,-1.61416626,0.113305316,0
Spain1989,Spain,1989,0.081583754,0.241714565,0.337521051,0.01363796,0.160413885,0.263796907,5.752792358,6.791436195,13.56499958,4.953300476,0.135000229,17.23999977,-0.93500042,0.120594481,0
Spain1990,Spain,1990,0.086311853,0.259155139,0.333050901,0.017531725,0.162948918,0.265238744,7.023574829,6.721816063,14.16916656,3.407499313,0.51083374,16.23800087,-0.530833244,0.11381622,0
Spain1991,Spain,1991,0.096630618,0.265296195,0.364236729,0.007316108,0.115921097,0.257326266,0.605682373,5.934214115,12.45166683,5.343101501,-1.071666718,16.31299973,-0.048333168,0.096587673,0
Spain1992,Spain,1992,0.096211126,0.242170071,0.397287436,0.023933785,0.138072039,0.238250656,-0.559448242,5.92453289,12.43666649,-2.683799744,-0.716666222,18.35300064,-1.313333511,0.077029287,0
Spain1993,Spain,1993,0.100063749,0.242312402,0.412953478,0.10991624,0.289424625,0.213075729,-11.79699707,4.872251987,10.53166676,0.52689743,-0.321666718,22.63999939,1.531666756,0.034578388,1
Spain1994,Spain,1994,0.100884201,0.244121466,0.413254116,0.026034823,0.113352811,0.215859697,-4.411094666,4.627006531,8.107500076,0.105400085,1.882499695,24.11800003,0.757500172,0.063563244,0
Spain1995,Spain,1995,0.098392996,0.233583801,0.421232101,0.03378852,0.140847868,0.225192772,1.641448975,4.57581234,9.791666985,1.320899963,1.478333473,22.89999962,0.791666985,0.078266344,0
Spain1996,Spain,1996,0.097623015,0.234973753,0.415463489,0.038511464,0.128747795,0.222359933,1.893096924,3.568819761,7.233333111,0.474201202,1.50666666,22.07999992,0.983333111,0.06232795,0
Spain1997,Spain,1997,0.09702429,0.252867694,0.383695872,-0.011658456,0.042500098,0.226184122,-4.170890808,1.879042983,5.024166584,0.814998627,1.375833511,20.61000061,0.274166584,0.061407599,0
Spain1998,Spain,1998,0.091272737,0.23865692,0.382443288,-0.019294411,0.038369207,0.239342716,0.490447998,1.765017152,3.794166565,2.483600616,1.035833359,18.60499954,0.794166565,0.070501049,0
Spain1999,Spain,1999,0.000103067,0.251705163,0.000409476,-0.015024126,0.045612009,0.255474244,-0.602050781,2.232070923,3.00999999,3.730800629,1.720000029,15.64000034,1.25999999,0.071428957,0
Spain2000,Spain,2000,9.23299E-05,0.25731867,0.000358816,-0.030020834,0.034235229,0.2667237,-1.922554016,3.485105276,4.614166737,3.316200256,0.915833473,13.85700035,1.364166737,0.087908783,0
Spain2001,Spain,2001,6.95477E-05,0.274167773,0.000253668,-0.037925236,0.011478911,0.264824711,1.651649475,2.82477951,3.916666746,5.178001404,1.203333139,10.53999996,0.854166746,0.082445268,0
Spain2002,Spain,2002,5.40184E-05,0.282569034,0.000191169,-0.028237737,0.013723938,0.267056489,2.072631836,3.59044981,3.339166641,8.908798218,1.620833397,11.44999981,1.214166641,0.069599034,0
Spain2003,Spain,2003,5.77812E-05,0.288370417,0.000200372,-0.035407607,-0.003384535,0.275285511,4.582695007,3.103474855,2.214166641,11.1359024,1.905833244,11.48499966,1.089166641,0.070609435,0
Spain2004,Spain,2004,6.12749E-05,0.298231684,0.000205461,-0.023559603,0.018547544,0.283028257,1.933479309,3.053744078,2.165833235,12.32689667,1.93416667,10.96500015,1.165833235,0.071480273,0
Spain2005,Spain,2005,6.39571E-05,0.542117813,0.000117976,-0.029366557,0.009233137,0.294041085,0.432548523,3.384064913,2.193333387,10.66870117,1.196666718,9.152999878,1.130833387,0.079137594,0
Spain2006,Spain,2006,6.56026E-05,0.569412479,0.000115211,-0.033815863,-0.003557814,0.305843125,1.333000183,3.561320543,3.258333445,10.8687973,0.521666527,8.453000069,1.320833445,0.082805924,0
Spain2007,Spain,2007,6.58165E-05,0.52550599,0.000125244,-0.033141993,-0.018872737,0.304589802,1.556098938,2.843016148,4.070000172,6.005104065,0.239999771,8.232999802,1.132500172,0.072205704,0
Spain2008,Spain,2008,7.14093E-05,0.484973239,0.000147244,0.039052575,0.145308032,0.284790441,1.895195007,4.130671501,3.712500095,-5.819297791,0.65749979,11.24499989,0.900000095,0.032380206,0
Spain2009,Spain,2009,8.55003E-05,0.55520677,0.000153997,0.134690686,0.292555606,0.233519418,-0.131774902,-0.238964781,0.995833337,-4.61530304,2.984166682,17.85499954,0.683333337,-0.03545565,1
Spain2010,Spain,2010,8.86622E-05,0.540122326,0.000164152,0.071944532,0.139947322,0.223988414,-3.783699036,2.042845488,1.693333387,-1.427001953,2.556666613,19.8579998,1.443333387,0.003872357,0
Finland1986,Finland,1986,0.021080688,0.190402407,0.110716497,0.006345349,0.11997649,0.269473609,-0.806755066,2.933580637,12.73583317,1.96439743,-3.821666718,6.664999962,5.735833168,0.076762175,0
Finland1987,Finland,1987,0.022514004,0.194387936,0.115819967,0.011452464,0.162305774,0.28024212,3.107299805,4.113028049,10.03250027,6.04750061,0.37749958,4.900000095,3.032500267,0.086632122,0
Finland1988,Finland,1988,0.023074387,0.1909492,0.120840447,-0.010213213,0.068661147,0.308268515,4.432388306,5.085931301,9.965833664,17.11700058,0.594166756,4.208000183,1.965833664,0.134533805,0
Finland1989,Finland,1989,0.025572067,0.201228933,0.127079475,-0.023512792,-0.041078612,0.325194044,7.124633789,6.592907429,12.55666637,3.699001312,-0.466666222,3.10800004,4.056666374,0.117504213,0
Finland1990,Finland,1990,0.026911474,0.218896714,0.122941426,-0.004620371,0.01920403,0.306264017,3.796203613,6.14956522,13.99666691,-4.257400513,-0.696666718,3.200000048,5.496666908,0.053437798,0
Finland1991,Finland,1991,0.028113563,0.24783449,0.113436845,0.0812985,0.520161541,0.23872148,-6.876052856,4.552424908,13.07916641,-9.722900391,-1.84916687,6.699999809,4.579166412,-0.044534101,1
Finland1992,Finland,1992,0.028779168,0.269236298,0.106891858,0.174295204,0.752430624,0.20876088,-17.93019104,3.245027065,13.25166702,-9.132701874,-1.27166748,11.80000019,3.751667023,-0.024472749,1
Finland1993,Finland,1993,0.029456954,0.278265467,0.105859179,0.148744405,0.391734737,0.181415722,-17.5355072,3.329485893,7.773333549,1.263401031,1.056666374,16.5,2.273333549,0.009718586,1
Finland1994,Finland,1994,0.026560577,0.280436568,0.094711534,0.020636766,0.099147678,0.193180063,6.488006592,1.606805325,5.349999905,0.728702545,3.690000057,16.70000076,0.099999905,0.058824904,0
Finland1995,Finland,1995,0.026668107,0.285819036,0.093304166,-0.009989758,0.066849051,0.196172832,9.482841492,0.397462994,5.75,-1.738601685,3.039999962,15.5,1,0.086137281,0
Finland1996,Finland,1996,0.027857873,0.331124566,0.084131097,0.001504197,0.038602941,0.192984693,-5.29838562,1.072261453,3.625,5.097000122,3.454999924,14.60000038,-0.375,0.035783208,0
Finland1997,Finland,1997,0.027053955,0.330003431,0.081980829,-0.031313483,0.024778761,0.212343361,-4.912322998,1.216850162,3.231666565,6.669399261,2.728333473,12.69999981,-0.768333435,0.086166489,0
Finland1998,Finland,1998,0.024703574,0.303780342,0.081320517,-0.05441506,-0.025906736,0.224037,0.575386047,1.349057078,3.568333387,4.847499847,1.221666574,11.5,0.068333387,0.087275649,0
Finland1999,Finland,1999,0.026401236,0.302113287,0.087388529,-0.027771965,-0.008865248,0.2191539,-0.949302673,1.309593916,2.96348834,5.825801849,1.75651145,10.27499962,1.21348834,0.053615763,0
Finland2000,Finland,2000,0.024459989,0.272240845,0.089846873,0.011113297,0.10196787,0.232721834,-5.385169983,2.951790333,4.391765594,-0.142601013,1.088234425,9.875,1.141765594,0.074853414,0
Finland2001,Finland,2001,0.018580626,0.269784323,0.068872147,-0.01739681,0.019480455,0.232731497,0.646461487,2.665306568,4.261780262,0.784198761,0.7782197,9.199999809,1.199280262,0.060321441,0
Finland2002,Finland,2002,0.042158448,0.275878748,0.152815134,-0.00782753,0.007961846,0.221557532,1.450004578,2.007335901,3.318601608,5.409900665,1.661398411,9.175000191,1.193601608,0.026463734,0
Finland2003,Finland,2003,0.047556587,0.293019112,0.162298583,0.025072492,0.082148432,0.226689692,4.981140137,1.290128708,2.333474159,4.986198425,1.796525955,9.074999809,1.208474159,0.02205605,0
Finland2004,Finland,2004,0.054447181,0.29077084,0.187251174,-0.002348119,0.040875912,0.231679276,-0.064651489,0.147319093,2.106323004,4.174301147,2.00367713,8.875,1.106323004,0.046317413,0
Finland2005,Finland,2005,0.059137891,0.299811769,0.197250066,-0.027700126,-0.026647966,0.249869433,-3.179931641,0.774330616,2.184689283,7.222000122,1.165310621,8.475000381,1.122189283,0.037324951,0
Finland2006,Finland,2006,0.06257629,0.297922242,0.210042356,-0.019402052,0.001440922,0.247013496,-1.358078003,1.275228381,3.07921195,4.792297363,0.700788021,7.775000095,1.14171195,0.049767408,0
Finland2007,Finland,2007,0.06189491,0.286825092,0.21579322,-0.042277609,-0.031654676,0.258651014,1.469398499,1.58347261,4.277596474,4.046905518,0.012403488,6.949999809,1.340096474,0.082135357,0
Finland2008,Finland,2008,0.06688185,0.285948669,0.233894602,-0.012809346,0.001485884,0.254992201,1.733634949,3.91569519,4.634232521,-2.981903076,-0.344232559,6.425000191,1.821732521,0.038458454,0
Finland2009,Finland,2009,0.076028283,0.361966686,0.210042211,0.094331707,0.189910979,0.217498005,1.018943787,1.633748293,1.228349805,6.922203064,2.511650205,8.324999809,0.915849805,-0.064441733,1
Finland2010,Finland,2010,0.07649338,0.373506279,0.20479811,0.05990195,0.175810474,0.227295678,-6.700721741,1.685854554,0.810953915,4.153396606,2.199046075,8.5,0.560953915,0.035282142,0
France1986,France,1986,0.037927373,0.285509991,0.132840791,0.005110697,0.094156208,0.218143975,3.77230835,2.431289673,7.709499836,1.480100632,0.830500126,8.875,0.459499836,0.077021847,0
France1987,France,1987,0.037702943,0.282603436,0.133412897,0.024026011,0.128368448,0.223079751,1.292976379,3.302373648,8.268941879,2.451599121,1.231058121,9.149999619,0.518941879,0.050995199,0
France1988,France,1988,0.036902473,0.272338751,0.135502102,-0.001554779,0.07528123,0.233989985,-1.968315125,2.647352695,7.942166805,3.860801697,1.137833118,8.842000008,0.192166805,0.080073932,0
France1989,France,1989,0.038820875,0.271048806,0.143224667,0.00763525,0.102658825,0.243206159,-2.154838562,3.600973129,9.398808479,4.023498535,-0.608808517,8.699999809,-0.601191521,0.079040417,0
France1990,France,1990,0.037510075,0.265782786,0.141130566,0.011841372,0.090542029,0.244448333,3.720314026,3.428839922,10.32139969,3.031101227,-0.381400108,8.399999619,1.071399689,0.055479908,0
France1991,France,1991,0.035869257,0.244805407,0.146521506,0.00774678,0.059430997,0.236360179,-4.119949341,3.404539347,9.615024567,1.204898834,-0.565024376,8.616999626,0.015024185,0.037606331,0
France1992,France,1992,0.034260288,0.238150726,0.143859681,0.038944847,0.141796687,0.218077094,1.487495422,2.453195572,10.34461689,-1.56760025,-1.754616737,9.442000389,1.244616508,0.034645881,0
France1993,France,1993,0.033466191,0.234613661,0.142643828,0.065248895,0.170583631,0.192463241,1.084716797,2.223422527,8.586858749,-0.287700653,-1.80685854,10.2670002,2.38685894,0.011541075,1
France1994,France,1994,0.035111026,0.23172923,0.151517467,0.033669188,0.105999631,0.200336177,-0.241981506,1.681930304,5.846674919,-0.024997711,1.373324871,10.66699982,0.846674919,0.033539758,0
France1995,France,1995,0.034507485,0.240971809,0.143201336,0.06410497,0.165603456,0.202407795,2.968849182,1.792673469,6.578183174,-0.383602142,0.961816788,10.50800037,2.128183365,0.036332552,0
France1996,France,1996,0.033974423,0.235994992,0.143962475,0.0279284,0.07638126,0.192697685,-0.518074036,2.062939882,3.935625076,0.806800842,2.374374866,10.83300018,0.785624981,0.026770301,0
France1997,France,1997,0.033441363,0.245819933,0.136040078,0.013902088,0.05794013,0.189170932,-5.379180908,1.268919826,3.462833405,0,2.117166519,10.8920002,0.162833452,0.034212452,0
France1998,France,1998,0.032482897,0.242185499,0.134124036,0.001178149,0.046042669,0.201389054,0.372489929,0.675378859,3.557108402,1.013500214,1.082891464,10.69200039,0.557108402,0.044058224,0
France1999,France,1999,0.03535155,0.257645525,0.137210028,-0.006827097,0.023593066,0.206648743,-3.084320068,0.573765993,2.96348834,3.040500641,1.646511793,10.44200039,1.21348834,0.034970741,0
France2000,France,2000,0.033338199,0.259410597,0.128515179,-0.01698944,0.029072553,0.219504938,-5.437965393,1.81234479,4.391765594,4.092899323,0.998234272,9.175000191,1.141765594,0.058347596,0
France2001,France,2001,0.02257921,0.265219355,0.085134097,-0.003970178,0.0309758,0.215437135,-0.310577393,1.782214046,4.261780262,3.908798218,0.678219795,8.458000183,1.199280262,0.03787546,0
France2002,France,2002,0.046921172,0.282834949,0.165895947,0.01930572,0.065649804,0.20781232,1.605010986,1.938353658,3.318601608,5.312000275,1.541398525,8.274999619,1.193601608,0.03206354,0
France2003,France,2003,0.052301601,0.286229062,0.182726381,0.041088462,0.097053671,0.207199464,5.383735657,2.171524763,2.333474159,7.316398621,1.796525955,8.524999619,1.208474159,0.028091214,0
France2004,France,2004,0.057789045,0.295779447,0.195378839,0.015131797,0.066085847,0.212750981,1.774887085,2.336401701,2.106323004,10.32320404,1.993676901,8.866999626,1.106323004,0.041964129,0
France2005,France,2005,0.062578959,0.318412507,0.196534236,0.013110565,0.060293847,0.219095032,-1.512443542,1.889293671,2.184689283,11.42579651,1.225310802,8.875,1.122189283,0.039907395,0
France2006,France,2006,0.066195781,0.324977583,0.203693374,-0.02787574,0.006833257,0.227410016,-0.672561646,1.89184761,3.07921195,8.519104004,0.720788002,8.842000008,1.14171195,0.049747889,0
France2007,France,2007,0.067593857,0.327449608,0.206425218,0.000787833,0.050625571,0.235961368,0.517883301,1.602285147,4.277596474,5.31199646,0.022403717,8.017000198,1.340096474,0.049361474,0
France2008,France,2008,0.074048334,0.319658405,0.231648325,0.04340187,0.09374003,0.23478777,0.614875793,3.159619331,4.634232521,-3.407699585,-0.404232502,7.433000088,1.821732521,0.025749513,0
France2009,France,2009,0.079370577,0.349498907,0.227098213,0.142374411,0.172234329,0.207230452,0.046760559,0.101974517,1.228349805,-3.207199097,2.42165029,9.125,0.915849805,-0.026317959,1
France2010,France,2010,0.080288701,0.364712385,0.220142512,0.022227884,0.056704937,0.212632757,-4.537528992,1.739012837,0.810953915,6.514602661,2.30904597,9.267000198,0.560953915,0.029481363,0
United Kingdom1986,United Kingdom,1986,0.006034747,0.196701747,0.030679684,-8.00195E-05,0.076896122,0.200154501,-8.567451477,3.427619219,10.99676895,2.657400131,-0.866768837,11.32499981,0.121768951,0.077104889,0
United Kingdom1987,United Kingdom,1987,0.005681612,0.22702286,0.025026606,-0.019949983,0.058659309,0.215269852,-0.165359497,4.14891386,9.682077408,4.106899261,-0.112077713,10.42500019,1.307077408,0.112424989,0
United Kingdom1988,United Kingdom,1988,0.005432026,0.231095787,0.023505516,-0.022070015,0.055662775,0.237955813,3.509689331,4.209402084,10.35267544,8.153402328,-0.682675362,8.574999809,-2.522324562,0.118504294,0
United Kingdom1989,United Kingdom,1989,0.005217418,0.273915569,0.019047542,-0.045419989,-0.02942228,0.24874925,-1.758834839,5.809126854,13.93176651,2.415897369,-3.74176693,7.224999905,-0.94323349,0.106082065,0
United Kingdom1990,United Kingdom,1990,0.004889005,0.266889983,0.018318429,-0.040530007,-0.044583993,0.232745525,2.433563232,8.039212227,14.80897331,-0.966400146,-3.008973122,7.099999905,0.933973312,0.091381658,0
United Kingdom1991,United Kingdom,1991,0.0048059,0.260330309,0.018460779,1.00104E-05,0.052343423,0.204842439,4.094711304,7.53506422,11.57341862,-0.241500854,-1.463418961,8.850000381,1.198418617,0.052306435,1
United Kingdom1992,United Kingdom,1992,0.004795787,0.262366701,0.018278945,0.047460007,0.207939213,0.193280921,-3.455680847,4.231996536,9.680578232,-2.536697388,-0.620577812,9.949999809,2.805578232,0.035402417,0
United Kingdom1993,United Kingdom,1993,0.004808736,0.273982763,0.017551237,0.047329957,0.20337627,0.188362744,-11.59909058,2.555910587,5.995640755,0.483200073,1.554359436,10.375,0.620640755,0.053334775,0
United Kingdom1994,United Kingdom,1994,0.004839474,0.268888275,0.017998085,0.027640028,0.129863161,0.188727346,0.086257935,1.985981345,5.564840794,1.147499084,2.585158825,9.5,-0.560159206,0.053177546,0
United Kingdom1995,United Kingdom,1995,0.004875646,0.292560266,0.016665443,0.029290008,0.126195343,0.186863807,-4.631202698,2.60913825,6.752587318,-0.120800018,1.567412376,8.625,0.377587318,0.050630616,0
United Kingdom1996,United Kingdom,1996,0.004865282,0.298112183,0.016320306,0.000609994,0.069754002,0.188769584,2.391098022,2.431158543,6.110595703,2.476299286,1.829404354,8.100000381,0.173095703,0.068261245,0
United Kingdom1997,United Kingdom,1997,0.004944921,0.343900022,0.01437895,0.004179988,0.057724159,0.177365338,16.87301636,1.816420436,6.91172266,2.838600159,0.218277454,6.949999809,-0.33827734,0.047705861,0
United Kingdom1998,United Kingdom,1998,0.005014786,0.354451323,0.014148024,-0.021619987,-0.004006621,0.182582691,5.931472778,1.558039904,7.424255848,4.650402069,-1.824255943,6.25,1.174255848,0.047299941,0
United Kingdom1999,United Kingdom,1999,0.005349186,0.374533189,0.014282274,-0.015600021,0.005979001,0.180700083,-0.143981934,1.346761942,5.545773983,6.039600372,-0.535773754,5.974999905,0.045773983,0.044814176,0
United Kingdom2000,United Kingdom,2000,0.005301594,0.410401253,0.012918075,-0.027239977,-0.016004435,0.18418681,1.312652588,0.797319174,6.187456608,6.583099365,-0.857456684,5.449999809,0.187456608,0.055120163,0
United Kingdom2001,United Kingdom,2001,0.005480809,0.437960624,0.012514387,-0.027280005,-0.034143026,0.18297321,-3.154891968,1.238106132,5.043429852,2.597000122,-0.033429623,5.099999905,1.043429852,0.041229087,0
United Kingdom2002,United Kingdom,2002,0.005609543,0.454843261,0.012332914,0.004759976,0.05368212,0.183525972,0.899887085,1.234288335,4.060289383,14.73659897,0.849710464,5.199999809,0.060289383,0.03952763,0
United Kingdom2003,United Kingdom,2003,0.005705439,0.471931935,0.012089538,0.013300018,0.095788449,0.17938719,-5.229515076,1.375838876,3.735160828,7.368301392,0.844839096,5,-0.014839172,0.056146391,0
United Kingdom2004,United Kingdom,2004,0.00573786,0.505992196,0.01133982,0.030379973,0.137959604,0.177742646,4.818145752,1.346132636,4.637820721,9.904899597,0.292179108,4.75,-0.112179279,0.051101695,0
United Kingdom2005,United Kingdom,2005,0.005680855,0.540683854,0.010506797,0.011980012,0.089376734,0.179950799,-2.338722229,2.035928249,4.760167599,3.126495361,-0.300167561,4.824999809,0.260167599,0.057545646,0
United Kingdom2006,United Kingdom,2006,0.008053274,0.568272015,0.014171513,0.010580025,0.079553124,0.183840363,0.748420715,2.347417831,4.849209309,9.143806458,-0.479209423,5.425000191,-0.150790691,0.052396105,0
United Kingdom2007,United Kingdom,2007,0.008418598,0.597096276,0.01409923,0.011159984,0.077162107,0.186449632,2.089942932,2.314428806,6.002207279,8.478797913,-0.942207336,5.349999905,0.502207279,0.0493187,0
United Kingdom2008,United Kingdom,2008,0.010720372,0.645931225,0.01659677,0.076530004,0.214577082,0.17594252,-16.50144958,3.59690237,5.511411667,-14.7963028,-1.011411667,5.724999905,3.511411667,0.03169871,1
United Kingdom2009,United Kingdom,2009,0.023355539,0.685338733,0.034078825,0.140880002,0.241272595,0.149658898,-11.46118164,2.183534861,1.213653326,1.662498474,2.146346569,7.625,0.713653326,-0.028111195,1
United Kingdom2010,United Kingdom,2010,0.022076021,0.671683805,0.032866686,0.109450047,0.213688616,0.161762155,-0.307739258,3.301568985,0.699774146,1.496299744,2.660225749,7.900000095,0.199774146,0.03857885,0
United Kingdom2011,United Kingdom,2011,0.024280751,0.650436969,0.037329906,0.055650013,0.109416761,0.159295437,-0.170509338,4.463287354,0.874580026,-1.329994202,1.99541986,8.100000381,0.374580026,0.033593546,0
United Kingdom2012,United Kingdom,2012,0.035529876,0.67411384,0.052706048,0.030579963,0.069461055,0.160601967,3.569107056,2.800820589,0.827250838,0.997497559,0.912749171,7.949999809,0.327250838,0.030750215,0
United Kingdom2013,United Kingdom,2013,0.03681939,0.718400706,0.051251884,0.008330009,0.049722497,0.165602031,-1.322006226,2.568329811,0.512660861,4.322502136,1.51733911,7.574999809,0.012660861,0.039473308,0
United Kingdom2014,United Kingdom,2014,0.035750205,0.736091111,0.048567636,0.017780003,0.067346324,0.177177192,6.656028748,1.47195673,0.54294914,8.811294556,1.597050965,6.175000191,0.04294914,0.04555674,0
United Kingdom2015,United Kingdom,2015,0.035597395,0.762102449,0.046709462,0.007729969,0.038091704,0.178693846,5.030929565,0.050020844,0.574149191,7.315002441,1.21585077,5.375,0.074149191,0.028959245,0
Japan1986,Japan,1986,0.113873203,0.339089319,0.335820672,0.057690031,0.134968339,0.305396562,23.37716675,0.13227503,3.562166691,4.32699585,1.786718369,2.76699996,0.562166691,0.046581136,0
Japan1987,Japan,1987,0.119443751,0.348255682,0.342977178,0.01754001,0.064589492,0.310636463,5.668479919,0.052966103,2.467999935,11.29799652,2.172246456,2.849999905,-0.032000065,0.039965767,0
Japan1988,Japan,1988,0.122537134,0.357212774,0.343036821,-0.038890047,0.019896249,0.331943021,6.739074707,0.714663863,2.384000063,6.63470459,2.387474775,2.51699996,-0.115999937,0.07502776,0
Japan1989,Japan,1989,0.132382096,0.324953662,0.407387612,-0.062699946,-0.016712526,0.343549089,-9.903305054,2.251423597,2.951833248,15.33650208,2.288266659,2.25,-1.298166752,0.077163387,0
Japan1990,Japan,1990,0.124523269,0.319513265,0.389728012,-0.024410037,0.039503537,0.350515818,-11.4446106,2.818711519,5.041583538,19.80769348,1.993616581,2.099999905,-0.958416462,0.079631825,0
Japan1991,Japan,1991,0.119726547,0.327770386,0.365275668,-0.008480018,0.045949608,0.347557609,6.587142944,3.258061886,5.401666641,-0.288497925,0.937133312,2.092000008,0.901666641,0.060167243,0
Japan1992,Japan,1992,0.117297645,0.326124474,0.359671395,0.04380999,0.096126653,0.330988557,3.090309143,1.734990358,3.62558341,-8.653793335,1.586316824,2.150000095,0.37558341,0.024201871,0
Japan1993,Japan,1993,0.125002475,0.335271733,0.372839289,0.060719997,0.097590676,0.317929357,18.2598114,1.261204123,2.195416689,-6.153900146,2.077183485,2.5,0.445416689,0.006092138,0
Japan1994,Japan,1994,0.128335342,0.348343816,0.368415731,0.115230043,0.169546338,0.306525231,7.91204834,0.697164357,1.628999949,-2.980697632,2.667599916,2.89199996,-0.121000051,0.009796131,0
Japan1995,Japan,1995,0.137220026,0.384836009,0.356567533,0.081649971,0.119750574,0.309336842,2.185562134,-0.11591208,0.876083314,-2.644302368,2.491316617,3.150000095,0.376083314,0.020937696,0
Japan1996,Japan,1996,0.141885276,0.412316405,0.344117465,0.055280052,0.088083905,0.320269185,-21.68989563,0.017268198,0.374000013,-2.740402222,2.663600028,3.367000103,-0.125999987,0.026740837,0
Japan1997,Japan,1997,0.150198136,0.442341981,0.339552072,0.069169985,0.086500672,0.311103605,-6.722389221,1.694486618,0.374000013,-1.92300415,1.946399987,3.400000095,-0.125999987,0.01490639,0
Japan1998,Japan,1998,0.156730927,0.475546573,0.329580604,0.110489969,0.090926304,0.295908233,0.028335571,0.671474755,0.307666659,-3.413497925,1.198333383,4.099999905,0.057666659,-0.012966486,1
Japan1999,Japan,1999,0.174155645,0.540022642,0.322496932,0.134810051,0.098661874,0.28200434,11.89048004,-0.345849812,0.092749998,-5.240402222,1.673250034,4.666999817,-0.157250002,-0.015708408,1
Japan2000,Japan,2000,0.179139359,0.554664631,0.32296878,0.06107991,0.061736523,0.284174344,6.613189697,-0.54092741,0.230000004,-5.865402222,1.537199989,4.732999802,-0.019999996,0.013914643,0
Japan2001,Japan,2001,0.194217513,0.634509405,0.306090834,0.095150024,0.062641886,0.277549562,-13.74185181,-0.80409354,0.066166669,-6.634597778,1.282733291,5.041999817,-0.083833337,-0.007029845,0
Japan2002,Japan,2002,0.21056726,0.805148445,0.261526009,0.089719949,0.047492598,0.258988781,-7.624092102,-0.892491579,0.0055,-7.548095703,1.27120002,5.357999802,0.0055,-0.013495998,0
Japan2003,Japan,2003,0.212537503,0.841966684,0.252429825,0.05925009,0.037440366,0.256609799,0.896316528,-0.264375418,0.010916667,-8.125,0.985483332,5.242000103,0.010916667,-0.000972364,0
Japan2004,Japan,2004,0.218410662,0.869312439,0.251245297,0.094690025,0.070154371,0.256382248,1.02961731,-0.016567264,0.007083334,-6.778800964,1.496816718,4.732999802,0.007083334,0.010367398,0
Japan2005,Japan,2005,0.21903697,0.908533576,0.24108847,0.05104999,0.036180392,0.260523455,-6.614624023,-0.562261343,0.00125,-4.759597778,1.394650011,4.425000191,0.00125,0.00588342,0
Japan2006,Japan,2006,0.177098229,0.90483548,0.195724231,-0.004519999,0.00238331,0.260775174,-9.414100647,0.232365146,0.252083331,-2.259605408,1.50121662,4.117000103,0.002083331,0.004985063,0
Japan2007,Japan,2007,0.177974878,0.902652322,0.197168804,-0.011919952,0.000785131,0.257687766,-7.570861816,0.074515648,0.576166689,-0.769294739,1.110533297,3.832999945,0.076166689,0.00768264,0
Japan2008,Japan,2008,0.191846215,0.91271936,0.210191899,0.078999961,0.023460525,0.258695417,6.14213562,1.381649733,0.56066668,-2.644203186,0.935133338,3.98300004,0.460666679,-0.021246631,1
Japan2009,Japan,2009,0.213860343,0.983290624,0.217494541,0.179560039,0.03079651,0.226031765,10.92362976,-1.362820268,0.184499994,-2.878997803,1.170899972,5.074999809,0.084499992,-0.06230376,1
Japan2010,Japan,2010,0.216617949,0.991985482,0.218368064,0.07071989,0.057734443,0.225903243,0.457931519,-0.628365815,0.115083337,1.966796875,1.068216681,5.058000088,0.065083336,0.021401031,0
Japan2011,Japan,2011,0.251440453,1.061452733,0.236883326,0.132829983,0.047500684,0.235405651,1.129127502,-0.281269222,0.102250002,-1.000099182,1.02145002,4.583000183,0.052250002,-0.015986372,0
Japan2012,Japan,2012,0.276686781,1.090303342,0.253770461,0.069310105,0.037899639,0.240049349,-1.241317749,-0.035257824,0.099416666,-0.433403015,0.757383354,4.324999809,0.049416665,0.006082232,0
Japan2013,Japan,2013,0.396789775,1.134135259,0.34986107,0.033580053,0.031532868,0.244176237,-20.24478149,0.343885005,0.073583335,2.766906738,0.643016666,4.007999897,0.023583334,0.016436431,0
Japan2014,Japan,2014,0.531742636,1.163511134,0.457015511,0.038299914,0.036898875,0.250363369,-5.055549622,2.768013954,0.0255,0.600097656,0.52759999,3.582999945,-0.074500002,0.01987514,0
Japan2015,Japan,2015,0.661918521,1.172044722,0.564755345,-0.050030079,0.014807877,0.251653075,-5.164093018,0.786660969,-0.012166667,2.000099182,0.376366663,3.375,-0.112166668,0.037048706,0
South Korea1986,South Korea,1986,0.046975345,0.156246887,0.300648197,-0.02469998,0.034072169,0.330477426,-15.72494507,2.74998045,9.699999809,1.504398346,2.166666985,3.842000008,2.699999809,0.168572226,0
South Korea1987,South Korea,1987,0.059186167,0.167928426,0.352448767,-0.024300009,0.030483561,0.330953462,-0.625801086,3.049659729,8.925000191,2.550102234,2.983333588,3.10800004,1.925000191,0.18169588,0
South Korea1988,South Korea,1988,0.064258937,0.171388606,0.374931206,-0.030399997,-0.020576831,0.35388898,12.54444122,7.146100521,9.616666794,6.120098114,2.755000114,2.525000095,1.616666794,0.199648477,0
South Korea1989,South Korea,1989,0.074555602,0.175549287,0.424698976,-0.031299993,-0.12724707,0.371772786,16.93312836,5.700160027,13.27499962,6.936100006,1.105834007,2.582999945,6.274999619,0.135670719,0
South Korea1990,South Korea,1990,0.066408664,0.184817419,0.359320372,0.023969992,0.48867346,0.398241263,-5.62399292,8.57327652,14.02499962,11.83220291,1.007500648,2.457999945,7.024999619,0.209612763,0
South Korea1991,South Korea,1991,0.064910787,0.184738254,0.351366246,-0.008610005,0.127633492,0.413983681,8.058288574,9.332790375,18.30083275,1.325996399,-1.839166641,2.450000048,11.30083275,0.209043272,0
South Korea1992,South Korea,1992,0.062915289,0.197965599,0.317809201,-0.002809987,0.117618851,0.388955351,-9.339538574,6.213281631,16.41250038,-4.23299408,-1.333333969,2.525000095,9.412500381,0.144587462,0
South Korea1993,South Korea,1993,0.070615623,0.212869274,0.331732342,-0.00783,0.059263616,0.379997659,-0.078720093,4.80099678,12.96166706,-2.142105103,-0.890833855,2.900000095,7.961667061,0.135621865,0
South Korea1994,South Korea,1994,0.065250211,0.204604797,0.318908512,-0.012310011,0.047899329,0.387436096,4.886398315,6.265859604,13.28750038,-0.203998566,-0.993333817,2.474999905,8.287500381,0.1818382,0
South Korea1995,South Korea,1995,0.064670548,0.198295904,0.326131539,-0.011459997,0.033551966,0.392408778,16.46328735,4.480741024,14.05416679,-0.152999878,-1.658333778,2.066999912,9.054166794,0.173145394,0
South Korea1996,South Korea,1996,0.050534862,0.200644762,0.251862354,-0.006740004,0.034032203,0.395833807,11.67657471,4.924543381,12.63416672,0.918003082,-1.746666908,2.058000088,7.634166718,0.123257412,0
South Korea1997,South Korea,1997,0.04006668,0.212301292,0.18872556,0.018830009,0.370400612,0.374621525,-17.78608704,4.438931942,13.38166714,1.581100464,-1.681667328,2.617000103,8.381667137,0.104208597,0
South Korea1998,South Korea,1998,0.037163287,0.203234867,0.182858815,0.041230005,0.412727463,0.283494786,-48.75413513,7.513579845,15.22000027,-8.415203094,-2.42250061,6.949999809,12.22000027,-0.00883117,1
South Korea1999,South Korea,1999,0.046446304,0.239834174,0.193660076,0.019419984,0.255702227,0.313545461,1.394218445,0.812957227,6.809166431,2.193000793,1.90749979,6.583000183,2.059166431,0.100960697,0
South Korea2000,South Korea,2000,0.041788875,0.268909827,0.15540107,0.003280001,0.124683241,0.331636425,5.443199158,2.259165764,7.078333378,0.357097626,1.470833302,4.425000191,1.828333378,0.101751918,0
South Korea2001,South Korea,2001,0.044801101,0.294549895,0.152100209,0.005380002,0.120602717,0.318842009,-6.262077332,4.066576004,5.317500114,5.202003479,1.537499905,4,1.317500114,0.084338986,0
South Korea2002,South Korea,2002,0.046712018,0.326481565,0.143077047,-0.001809989,0.097784047,0.313365516,5.975753784,2.762262106,4.804999828,11.06719971,1.781666756,3.257999897,0.554999828,0.109867342,0
South Korea2003,South Korea,2003,0.046939872,0.32571968,0.144111255,0.026579987,0.240039318,0.323917144,-1.338111877,3.514874458,4.30583334,4.998100281,0.742499828,3.549999952,0.55583334,0.067490739,0
South Korea2004,South Korea,2004,0.041141589,0.324858071,0.126644811,0.025010013,0.228341336,0.327686394,4.134155273,3.590662956,3.787499905,-1.836006165,0.940833569,3.657999992,0.537499905,0.086135016,0
South Korea2005,South Korea,2005,0.043458667,0.333750696,0.130212962,0.033139989,0.217369638,0.327705435,19.77501678,2.753791571,3.649166584,2.754005432,1.300833225,3.75,-0.100833416,0.055457621,0
South Korea2006,South Korea,2006,0.049604403,0.319990503,0.155018359,0.021259985,0.14038438,0.330557087,9.085395813,2.242340326,4.475833416,7.599197388,0.675833225,3.474999905,-0.024166584,0.050732504,0
South Korea2007,South Korea,2007,0.049710839,0.274539595,0.181069833,-0.006969965,0.05703253,0.332748479,1.043075562,2.534573793,5.160833359,4.743103027,0.190000057,3.257999897,0.160833359,0.084996849,0
South Korea2008,South Korea,2008,0.053905031,0.257185158,0.209596197,-0.004899997,0.040596217,0.337288033,-29.00306702,4.67389679,5.487500191,3.722999573,0.080832958,3.174999952,2.487500191,0.060316661,0
South Korea2009,South Korea,2009,0.053994112,0.288775454,0.186976112,0.029349989,0.161953938,0.296063382,-16.52796173,2.756496429,2.62833333,0.663002014,2.537500143,3.632999897,0.62833333,0.043502567,0
South Korea2010,South Korea,2010,0.054039758,0.29005859,0.186306351,-0.005160015,0.079209107,0.327792352,8.385948181,2.93928647,2.671666622,1.632095337,2.101666927,3.707999945,0.171666622,0.098904016,0
South Korea2011,South Korea,2011,0.055265257,0.292733289,0.188790477,0.034250025,0.177304144,0.332613369,-2.50869751,4.025965214,3.4375,7.038101196,0.764999866,3.407999992,0.1875,0.050103215,0
South Korea2012,South Korea,2012,0.058711719,0.294855429,0.19912036,0.018359982,0.098887502,0.312149529,7.635673523,2.187071085,3.297499895,0.305999756,0.150000095,3.224999905,0.547499895,0.038726616,0
South Korea2013,South Korea,2013,0.066369255,0.310098322,0.214026487,0.024680023,0.120872467,0.298990117,13.89996338,1.301347494,2.722500086,0.152999878,0.555583239,3.099999905,0.222500086,0.044038901,0
South Korea2014,South Korea,2014,0.071281528,0.329777944,0.216150078,0.018719958,0.097227273,0.297893832,15.49686432,1.274774432,2.491666555,2.244003296,0.694666862,3.492000103,0.491666555,0.04299755,0
South Korea2015,South Korea,2015,0.075505869,0.369568344,0.20430827,0.009670021,0.089554992,0.29312192,7.530075073,0.706331789,1.769999981,4.7940979,0.535749912,3.592000008,0.269999981,0.062430365,0
Netherlands1986,Netherlands,1986,0.05748399,0.215698559,0.2665015,0.017550344,0.059301209,0.226117772,5.381614685,0.08334551,5.681666851,1.280399323,0.508333206,6.519999981,0.681666851,0.032284677,0
Netherlands1987,Netherlands,1987,0.063891931,0.225927333,0.282798589,0.023367665,0.045716243,0.22281081,1.939460754,-0.691203713,5.359166622,0.988599777,1.050833225,6.336999893,1.109166622,0.011372246,0
Netherlands1988,Netherlands,1988,0.066832174,0.22860127,0.292352591,0.025573201,0.080968077,0.235269534,-1.918907166,0.737942457,4.816666603,1.377700806,1.603333473,6.247000217,-0.433333397,0.043463521,0
Netherlands1989,Netherlands,1989,0.065660429,0.238194624,0.275658734,0.000380117,0.05957616,0.241697125,-3.800621033,1.082165599,7.388333321,1.766899109,-0.178333282,5.673999786,-0.361666679,0.05903001,0
Netherlands1990,Netherlands,1990,0.062756048,0.236759938,0.265061936,0.001653696,0.060278085,0.237202933,2.103401184,2.454083204,8.682499886,-0.291799545,0.237500191,5.111999989,0.682499886,0.05790581,0
Netherlands1991,Netherlands,1991,0.060380966,0.226396248,0.266704799,-0.002750931,0.052534702,0.228624168,-2.40713501,3.160675526,9.281666756,1.84469986,-0.541666985,4.798999786,0.031666756,0.056466805,0
Netherlands1992,Netherlands,1992,0.057993364,0.231698965,0.250296172,0.007594091,0.051907839,0.228356047,1.635696411,2.826047182,9.352499962,2.451900482,-1.25249958,4.864999771,1.102499962,0.041170259,0
Netherlands1993,Netherlands,1993,0.057287031,0.250302232,0.228871436,0.010708068,0.043553124,0.20997272,1.538108826,1.618785024,6.854166508,2.930700302,-0.494166374,5.53000021,1.354166508,0.028745952,0
Netherlands1994,Netherlands,1994,0.05930888,0.243858639,0.243210086,-0.026312714,0.014793648,0.211982881,0.736885071,2.135667324,5.176666737,2.673698425,1.683333397,6.19299984,0.676666737,0.051454503,0
Netherlands1995,Netherlands,1995,0.056780786,0.257709938,0.220328275,0.003396081,0.058880387,0.21419374,4.340774536,1.379724026,4.372499943,2.517902374,2.527500153,7.732999802,1.622499943,0.053966062,0
Netherlands1996,Netherlands,1996,0.054778907,0.279844606,0.19574759,-0.018164828,0.019869308,0.22236868,-2.555870056,1.431100845,2.997499943,4.725399017,3.152500153,7.098999977,0.997499943,0.045830922,0
Netherlands1997,Netherlands,1997,0.051636038,0.278444336,0.185444743,-0.055410016,-0.011413757,0.225689705,-5.726249695,1.859631658,3.334166765,4.856700897,2.245833158,6.100999832,0.584166765,0.071813041,0
Netherlands1998,Netherlands,1998,0.046985168,0.307351713,0.152871015,-0.030321537,0.018474575,0.227515759,1.509864807,1.776948452,3.454999924,5.512996674,1.175000191,4.929999828,0.704999924,0.067660963,0
Netherlands1999,Netherlands,1999,0.045192628,0.322424877,0.14016483,-0.040907821,-0.00606043,0.229444259,-1.184707642,2.033213377,2.96348834,10.23849869,1.666511774,4.138999939,1.21348834,0.06321359,0
Netherlands2000,Netherlands,2000,0.041403611,0.328403806,0.126075309,-0.064597356,-0.04140977,0.224644986,-4.810264587,2.337213516,4.391765594,9.975906372,1.008234501,3.660000086,1.141765594,0.077137007,0
Netherlands2001,Netherlands,2001,0.023577826,0.330263455,0.071390964,-0.027461198,0.011733728,0.226196021,2.502998352,5.119056702,4.261780262,6.694396973,0.698219776,3.137000084,1.199280262,0.067874954,0
Netherlands2002,Netherlands,2002,0.038487459,0.336946171,0.114224354,-0.007114507,0.026307228,0.20978647,3.278923035,3.859003305,3.318601608,3.937797546,1.571398258,3.664999962,1.193601608,0.041276722,0
Netherlands2003,Netherlands,2003,0.042499515,0.346235203,0.122747527,0.010966702,0.04744269,0.204395498,5.984176636,2.234287739,2.333474159,3.41280365,1.786525726,5.921000004,1.208474159,0.024410512,0
Netherlands2004,Netherlands,2004,0.049811676,0.351694915,0.141633199,0.002981797,0.036628547,0.202216573,0.944404602,1.385827065,2.106323004,3.5440979,1.993676901,6.772999763,1.106323004,0.030467689,0
Netherlands2005,Netherlands,2005,0.053735037,0.364001505,0.147623119,-0.005263815,0.029968329,0.204041164,-1.503555298,1.49240458,2.184689283,3.780197144,1.185310602,6.960999966,1.122189283,0.040888889,0
Netherlands2006,Netherlands,2006,0.056026151,0.39125907,0.14319451,-0.04619896,-0.035692086,0.209002641,-1.367996216,1.649641156,3.07921195,4.354301453,0.700788021,6.078999996,1.14171195,0.063251748,0
Netherlands2007,Netherlands,2007,0.05693059,0.38610832,0.147447198,-0.022332287,0.007427647,0.231960368,0.703666687,1.584549189,4.277596474,5.245803833,0.012403488,5.295000076,1.340096474,0.060002859,0
Netherlands2008,Netherlands,2008,0.061119008,0.365286406,0.167318048,0.115452211,0.327891203,0.222225122,0.517967224,2.209606171,4.634232521,-0.620201111,-0.404232502,4.769999981,1.821732521,0.045751235,0
Netherlands2009,Netherlands,2009,0.068092311,0.432456705,0.157454631,0.020120429,0.003254482,0.206187383,1.461616516,0.974349499,1.228349805,-5.065002441,2.461650252,5.421999931,0.915849805,-0.03256815,1
Netherlands2010,Netherlands,2010,0.069396139,0.474718144,0.146183878,0.025908391,0.06655335,0.200662916,-5.121681213,0.93113786,0.810953915,-0.917297363,2.179046094,6.081999779,0.560953915,0.019670971,0
Norway1986,Norway,1986,0.05188314,0.101284785,0.512250088,0.090749938,0.28901213,0.33124768,-1.449729919,7.159005165,14.39166641,7.227998734,-1.092499733,1.962000012,-0.408333778,0.034690488,0
Norway1987,Norway,1987,0.053755476,0.139161806,0.386280385,-0.074769959,-0.086337313,0.316983658,1.99596405,8.755273819,14.71249962,4.291601181,-1.407499313,2.084000111,0.912499428,0.09101548,0
Norway1988,Norway,1988,0.052498683,0.163118989,0.321842864,-0.060890004,-0.119343124,0.306429608,2.80670929,6.676365852,13.51000023,-2.207500458,-0.614167213,3.148999929,1.510000229,0.046007482,1
Norway1989,Norway,1989,0.051990008,0.178354329,0.291498434,-0.000919975,0.064062283,0.276465948,-0.467605591,4.56129694,11.3791666,-4.204299927,-0.553333282,4.907999992,0.379166603,0.067089404,0
Norway1990,Norway,1990,0.045060656,0.183450484,0.245628437,-0.033940013,-0.052884599,0.247657569,-0.751625061,4.10144949,11.53916645,-0.764900208,-0.859166145,5.229000092,1.039166451,0.05817506,0
Norway1991,Norway,1991,0.042445381,0.187447138,0.226439204,0.102980007,0.428521261,0.22312831,-3.695098877,3.438674688,10.56416702,-1.367300034,-0.567500114,5.468999863,0.564167023,0.053644537,0
Norway1992,Norway,1992,0.044032853,0.230207369,0.191274734,0.057529977,0.179988717,0.216355325,0.118408203,2.341857433,11.83250046,-1.019699097,-2.225833893,5.914999962,0.832500458,0.02911701,0
Norway1993,Norway,1993,0.044634907,0.216693944,0.205981329,0.086570022,0.254442337,0.221557166,-3.767524719,2.275118351,7.264999866,1.961399078,-0.384166718,5.947999954,2.264999866,0.052032178,0
Norway1994,Norway,1994,0.053062448,0.234169562,0.226598401,-0.030090003,-0.009910762,0.230189592,-2.183113098,1.40156877,5.850833416,2.615299225,1.585000038,5.393000126,1.100833416,0.048916296,0
Norway1995,Norway,1995,0.047406011,0.225680821,0.210057775,-0.179050018,-0.306076508,0.242057481,2.711990356,2.460055828,5.478333473,2.222900391,1.945833206,4.906000137,0.728333473,0.073442757,0
Norway1996,Norway,1996,0.046097008,0.23430011,0.196743432,-0.042919992,-0.048523796,0.229008423,-0.535140991,1.237623811,4.893333435,3.138299942,1.880000114,4.833000183,0.893333435,0.095037165,0
Norway1997,Norway,1997,0.051189395,0.23547234,0.217390267,-0.026890005,-0.020123655,0.251991519,0.637695313,2.579462051,3.732500076,3.792098999,2.155833244,4.03399992,0.232500076,0.082174285,0
Norway1998,Norway,1998,0.048215759,0.239511963,0.201308355,-0.021829999,-0.066836692,0.282521099,-2.293380737,2.264330864,5.784999847,2.484500885,-0.384999752,3.186000109,-2.215000153,0.019576112,0
Norway1999,Norway,1999,0.044244192,0.270328253,0.163668396,0.013850005,0.152264203,0.245790642,-0.423583984,2.365691662,6.538333416,7.584098816,-1.040833473,3.171999931,1.038333416,0.088323882,0
Norway2000,Norway,2000,0.041280706,0.245424522,0.16820123,0.037089984,0.368688345,0.21818171,-2.039245605,3.051001787,6.745833397,4.707500458,-0.527500153,3.426000118,-0.254166603,0.191610658,0
Norway2001,Norway,2001,0.038939868,0.245501877,0.15861332,-0.014349996,-0.013813152,0.205501468,3.131233215,3.026955366,7.226666451,4.053600311,-0.989999771,3.546000004,0.726666451,0.038152395,0
Norway2002,Norway,2002,0.056881081,0.25554664,0.222585906,0.067119999,0.244425785,0.203302763,7.889305115,1.297448039,6.90749979,1.569099426,-0.523333073,3.888999939,0.40749979,-0.001636552,0
Norway2003,Norway,2003,0.04947049,0.263340053,0.187857828,0.091329997,0.317691883,0.194282474,-0.502693176,2.445220709,4.098333359,2.353702545,0.946666718,4.493999958,1.848333359,0.038327009,0
Norway2004,Norway,2004,0.0382117,0.263996381,0.14474327,0.007509985,0.120191423,0.215096501,-4.157043457,0.464972109,2.00666666,6.407302856,2.361666679,4.471000195,0.25666666,0.100997233,0
Norway2005,Norway,2005,0.039854677,0.276532545,0.144122917,-0.015019982,0.078561425,0.224222574,3.214958191,1.522163987,2.211666584,5.361297607,1.534166813,4.616000175,-0.038333416,0.116834804,0
Norway2006,Norway,2006,0.035075157,0.305412177,0.114845312,0.10260004,0.384138805,0.239293766,-0.287734985,2.360449791,3.099166632,12.02999878,0.9775002,3.444000006,-0.400833368,0.114085961,0
Norway2007,Norway,2007,0.034469721,0.322199973,0.106982383,-0.030720041,-0.001156737,0.270748682,0.171234131,0.722486138,4.957499981,6.407402039,-0.183333397,2.539000034,-0.292500019,0.060813386,0
Norway2008,Norway,2008,0.038827627,0.278338583,0.139497823,-0.019699989,0.06678553,0.257826959,0.142318726,3.773214102,6.218333244,-6.276603699,-1.759999752,2.746999979,3.218333244,0.110987156,0
Norway2009,Norway,2009,0.055527097,0.302421351,0.183608389,-0.050010002,-0.167433431,0.242955726,-2.505859375,2.168355227,2.463333368,9.807098389,1.534999847,3.266000032,0.713333368,-0.069566149,1
Norway2010,Norway,2010,0.040284318,0.301154816,0.133766144,0.00408001,0.078134043,0.249885332,3.453521729,2.41890645,2.501666784,6.145805359,1.026666641,3.79399991,0.501666784,0.06789285,0
Norway2011,Norway,2011,0.040240602,0.293516313,0.137098349,-0.13341001,-0.25646952,0.254460166,0.385665894,1.284951568,2.87166667,7.976501465,0.263333321,3.364000082,1.12166667,0.078522241,0
Norway2012,Norway,2012,0.032941211,0.274908878,0.119825927,0.012970011,0.10812266,0.258721263,-0.787834167,0.678995788,2.234999895,7.453399658,-0.133333206,3.29399991,0.734999895,0.061622198,0
Norway2013,Norway,2013,0.032649954,0.282993915,0.115373344,0.005189988,0.053348857,0.273276198,-1.480888367,2.111988544,1.755067587,1.176895142,0.822432518,3.773000002,0.255067587,0.035953408,0
Norway2014,Norway,2014,0.038649513,0.287914676,0.134239468,-0.01766001,-0.034374951,0.272099835,-4.926231384,2.068306208,1.699039578,6.799598694,0.815960526,3.617000103,0.449039578,0.023117882,0
Norway2015,Norway,2015,0.03541805,0.564458052,0.062747,0.046730006,0.145980209,0.269187776,-8.938766479,2.171136618,1.290674567,5.622695923,0.27432549,4.531000137,0.540674567,-0.009992482,0
New Zealand1986,New Zealand,1986,0.052761854,0.107475184,0.490921268,0.043519952,0.268691243,0.254270791,0.899200439,13.21339989,16.24777794,1.621799469,0.19972229,4.199999809,-10.75222206,0.188068932,1
New Zealand1987,New Zealand,1987,0.049421512,0.114384161,0.432066045,-0.055969957,0.031985912,0.236975696,12.67519379,15.74429226,20.49500084,4.795999527,-4.785000801,4.224999905,4.745000839,0.123833519,0
New Zealand1988,New Zealand,1988,0.048286438,0.118680982,0.406859103,-0.081840052,-0.05168148,0.209802,6.873390198,6.375256538,14.72249985,1.933700562,-1.606666565,5.800000191,1.282500267,0.090194544,0
New Zealand1989,New Zealand,1989,0.046519705,0.134672379,0.3454287,0.001990012,0.063919177,0.229588646,-4.926551819,5.715991497,13.51000023,2.106901169,-0.680833817,7.324999809,0.010000229,0.06006283,0
New Zealand1990,New Zealand,1990,0.038993555,0.130694917,0.298355557,0.006100031,0.054435049,0.214406758,-2.600898743,6.098439217,13.77999973,0.866399765,-1.335000038,7.974999905,2.529999733,0.04284821,0
New Zealand1991,New Zealand,1991,0.044141626,0.134847086,0.327345788,0.024929999,0.024791224,0.171086035,-4.578605652,2.602398872,9.736083031,-0.790100098,0.373916626,10.625,2.536083221,-0.019253331,1
New Zealand1992,New Zealand,1992,0.045088821,0.129737706,0.347538298,0.00674001,0.039089422,0.185054348,-9.219276428,1.014556646,6.722499847,0.533599854,1.679166794,10.67500019,-1.727499962,0.027154193,0
New Zealand1993,New Zealand,1993,0.042982462,0.129637482,0.331558909,-0.040950038,-0.002572344,0.209584379,2.798049927,1.288209558,6.213083267,1.989198685,0.721083164,9.800000191,1.413083076,0.072256729,0
New Zealand1994,New Zealand,1994,0.045557328,0.127212322,0.358120404,-0.056669983,-0.036000419,0.224659225,5.391357422,1.74537611,6.685833454,4.886100769,0.944999695,8.350000381,-1.614166737,0.07567822,0
New Zealand1995,New Zealand,1995,0.046649442,0.129659665,0.359783764,-0.054349998,-0.054443161,0.233534071,5.202629089,3.754940748,8.824166298,3.416900635,-1.044999599,6.449999809,-0.175833702,0.063746003,0
New Zealand1996,New Zealand,1996,0.04425109,0.125899511,0.351479445,-0.062240024,-0.091845792,0.234692964,6.077041626,2.285714149,9.085000038,3.382198334,-1.190833569,6.324999809,1.184999943,0.059862683,0
New Zealand1997,New Zealand,1997,0.046702297,0.129851354,0.359659686,-0.026149957,-0.038949637,0.231724576,2.071098328,1.187150836,7.530833244,2.197002411,-0.339166641,6.875,-0.819167137,0.03359438,0
New Zealand1998,New Zealand,1998,0.048372469,0.14543425,0.332607135,-0.001670021,0.014360704,0.210888723,-12.68369293,1.265240431,7.097499847,-1.081199646,-0.809999943,7.724999905,3.247499943,0.019274278,0
New Zealand1999,New Zealand,1999,0.055472273,0.159897499,0.346923959,-0.024800005,-0.02500968,0.226273107,-3.842147827,-0.114266291,4.584416866,1.060398102,1.828083038,7.050000191,-0.415583134,0.050561532,0
New Zealand2000,New Zealand,2000,0.051934057,0.160363257,0.323852592,-0.019710002,-0.001529911,0.226585209,-7.783103943,2.615232706,6.391833305,-0.54750061,0.460666656,6.150000095,-0.108166695,0.064014961,0
New Zealand2001,New Zealand,2001,0.052707162,0.18049999,0.292006455,-0.018649982,0.000952905,0.218698041,-1.419136047,2.625820637,5.562483311,2.0583992,0.830850124,5.474999905,0.812483311,0.067244643,0
New Zealand2002,New Zealand,2002,0.05446141,0.183027118,0.297559237,-0.017640005,-0.007826417,0.234112261,6.955558777,2.677090645,5.521611214,6.8268013,1.005888939,5.300000191,-0.228388786,0.058478884,0
New Zealand2003,New Zealand,2003,0.054507809,0.189752697,0.287257098,-0.016779996,-0.008640217,0.236903837,11.25057983,1.753576398,5.213083267,13.57729721,0.653583527,4.75,0.213083267,0.058658967,0
New Zealand2004,New Zealand,2004,0.053129888,0.181757742,0.292311556,-0.022130007,-0.0156849,0.25346875,6.450080872,2.290249348,5.848555565,8.601005554,0.217278004,4.025000095,-0.651444435,0.081106479,0
New Zealand2005,New Zealand,2005,0.054413833,0.184076347,0.295604699,-0.017239994,-0.029538947,0.255074374,5.492973328,3.037020683,6.524166584,11.87229919,-0.649166584,3.799999952,-0.725833416,0.050970858,0
New Zealand2006,New Zealand,2006,0.053824576,0.188619477,0.28536065,-0.023800012,-0.069650631,0.238710212,-7.665901184,3.365404367,7.046500206,8.012001038,-1.265666962,3.875,-0.203499794,0.050681558,0
New Zealand2007,New Zealand,2007,0.051725444,0.178492451,0.289790655,-0.020910004,-0.038789526,0.248399509,6.832801819,2.376143456,7.548108101,7.485099792,-1.283108234,3.625,-0.701891899,0.084441104,0
New Zealand2008,New Zealand,2008,0.055280734,0.183341802,0.301517346,0.026600008,0.202580342,0.237001573,-7.424888611,3.958944321,7.006888866,-9.398002625,-0.926055431,4.025000095,2.006888866,0.03395279,1
New Zealand2009,New Zealand,2009,0.055406216,0.185374299,0.298888336,0.053040001,0.296012632,0.19583481,-6.145736694,2.115655899,2.827095747,5.170303345,2.629570723,5.900000095,0.327095747,0.012826874,0
New Zealand2010,New Zealand,2010,0.054817771,0.186566401,0.293824453,0.053269997,0.28078272,0.203497315,8.657051086,2.302025795,2.775295258,-1.628700256,2.828038216,6.199999809,-0.224704742,0.050292897,0
New Zealand2011,New Zealand,2011,0.05543226,0.19231693,0.288233906,0.050759989,0.226646498,0.200700421,4.189491272,4.027902603,2.551804066,2.266296387,2.393196106,6.050000191,0.051804066,0.047090698,0
New Zealand2012,New Zealand,2012,0.055200899,0.201201054,0.274356908,0.009850001,0.05238305,0.213035344,3.512542725,1.059917808,2.460352659,6.549598694,1.224647284,6.449999809,-0.039647341,0.023315768,0
New Zealand2013,New Zealand,2013,0.056663221,0.208820888,0.271348435,-0.011149993,0.023134029,0.220440056,2.3228302,1.134417772,2.393949986,9.70300293,1.699383259,5.824999809,-0.106050014,0.056155528,0
New Zealand2014,New Zealand,2014,0.0565953,0.210074803,0.269405467,-0.003959986,0.044205527,0.228388784,2.938819885,1.227513313,3.241250038,8.441596985,1.062916756,5.425000191,-0.258749962,0.056313634,0
New Zealand2015,New Zealand,2015,0.055375752,0.218526637,0.253405044,0.000160004,0.045702546,0.230515058,-7.830993652,0.292703301,2.993750095,15.95450592,0.429583311,5.425000191,0.493750095,0.045212843,0
Sweden1986,Sweden,1986,0.046975555,0.40601114,0.115700162,-0.003300848,0.085525604,0.232875765,-0.816146851,4.235909939,9.830833435,1.782400131,0.677914619,3.60800004,2.330833435,0.091842084,0
Sweden1987,Sweden,1987,0.044958016,0.388573486,0.115700163,-0.065227194,-0.042119789,0.241769816,-0.333686829,4.188571453,9.390832901,3.12100029,2.299166679,2.867000103,1.190833092,0.082331223,0
Sweden1988,Sweden,1988,0.043415078,0.37523784,0.115700161,-0.053056841,-0.022524407,0.251335109,3.877128601,5.82489872,10.08333302,4.773199081,1.266667366,2.349999905,-0.916666985,0.09298404,0
Sweden1989,Sweden,1989,0.043102704,0.372537979,0.115700161,-0.04506342,-0.003297784,0.272959039,3.699874878,6.443275928,11.49916649,4.773302078,-0.319166183,2.025000095,-0.500833511,0.107898582,0
Sweden1990,Sweden,1990,0.039914632,0.344983361,0.115700165,-0.016802722,0.057116548,0.268349748,5.399597168,10.36655331,13.66416645,2.937397003,-0.514166832,2.242000103,-0.335833549,0.103000011,0
Sweden1991,Sweden,1991,0.03901959,0.337247484,0.115700167,0.077381249,0.283957158,0.23290666,5.896865845,9.444627762,11.59333324,2.20300293,-0.893333435,4,-2.906666756,0.070063072,1
Sweden1992,Sweden,1992,0.038774462,0.335128856,0.115700158,0.120141721,0.256695183,0.217318838,-0.059341431,2.374367237,12.84916687,-6.058403015,-2.819167137,7.099999905,1.84916687,-0.001550212,1
Sweden1993,Sweden,1993,0.040399648,0.349175397,0.115700157,0.076457715,0.131918254,0.1871091,-26.30078888,4.728173256,8.351666451,-1.28509903,0.218333244,11.14999962,0.601666451,0.001009603,1
Sweden1994,Sweden,1994,0.03895474,0.33668699,0.115700165,0.02390238,0.103398338,0.199299321,-1.769462585,2.158138037,7.40083313,1.28509903,2.299166679,10.78299999,-0.199166775,0.06489658,0
Sweden1995,Sweden,1995,0.03586815,0.310009492,0.115700166,0.002671946,0.085664703,0.204807591,-0.201522827,2.455148697,8.745833397,-0.367099762,1.494166374,10.41699982,-0.164166451,0.081446381,0
Sweden1996,Sweden,1996,0.036784506,0.317589653,0.115824006,0.005488714,0.036315212,0.202367137,9.437431335,0.533131957,5.792500019,1.101501465,2.237499714,10.88300037,1.692500114,0.028109312,0
Sweden1997,Sweden,1997,0.036150296,0.312448114,0.115700159,-0.023902463,0.011062885,0.20055381,-6.973495483,0.658410251,4.107500076,2.570201874,2.512499809,10.875,-0.242499828,0.047172654,0
Sweden1998,Sweden,1998,0.036147436,0.313249774,0.11539493,-0.007933686,0.038425701,0.211332005,-3.845497131,-0.26713267,4.190000057,4.038898468,0.799999714,8.817000389,0.789999962,0.050883271,0
Sweden1999,Sweden,1999,0.038506056,0.332197957,0.115912984,-0.053883818,-0.034972318,0.211985425,-3.220489502,0.462175757,3.115099907,3.488201141,1.864900112,7.550000191,-0.134900093,0.050631196,0
Sweden2000,Sweden,2000,0.036898088,0.319856494,0.115358258,-0.103041789,-0.116345077,0.22229561,-2.631530762,0.899143755,3.95460844,5.323997498,1.415391445,6.342000008,-0.04539156,0.064172196,0
Sweden2001,Sweden,2001,0.038576148,0.334440526,0.115345316,0.01543947,0.072975309,0.223340757,-9.273300171,2.405958414,3.995641708,2.386600494,1.114358425,5.967000008,0.245641708,0.041107611,0
Sweden2002,Sweden,2002,0.036775122,0.332657791,0.110549408,-0.021424789,-0.003573241,0.216396424,2.732093811,2.158482075,4.06657505,4.773200989,1.23342514,6.083000183,0.31657505,0.039258806,0
Sweden2003,Sweden,2003,0.036380179,0.337284531,0.107861986,-0.003974148,0.030354016,0.213400759,6.96207428,1.925655365,3.032833338,3.488201141,1.607166529,6.691999912,0.282833338,0.038635614,0
Sweden2004,Sweden,2004,0.034831977,0.333679019,0.104387676,-0.007783372,0.025521952,0.2106352,0.56072998,0.373659819,2.109166622,6.058395386,2.320833206,7.517000198,0.109166622,0.041923594,0
Sweden2005,Sweden,2005,0.034400873,0.366125758,0.093959173,0.002315649,0.04050442,0.211955039,-4.999786377,0.453170866,1.716666698,7.197502136,1.663333416,7.907999992,0.216666698,0.035576885,0
Sweden2006,Sweden,2006,0.032368687,0.382434863,0.084638431,-0.050581266,-0.043324169,0.224320071,-0.796340942,1.36021471,2.331666708,7.326202393,1.36833334,7.166999817,-0.668333292,0.067055666,0
Sweden2007,Sweden,2007,0.03033078,0.389077202,0.077955686,-0.046413223,-0.049200087,0.240940866,1.382225037,2.212168932,3.55250001,8.806900024,0.617500067,6.242000103,-0.44749999,0.063381124,0
Sweden2008,Sweden,2008,0.029361945,0.405220504,0.072459178,-0.012457886,-0.009863464,0.239477395,-2.572471619,3.43704915,3.904999971,-3.309303284,-0.014999866,6.275000095,1.904999971,0.022637878,1
Sweden2009,Sweden,2009,0.030115524,0.446973348,0.067376555,0.032401698,0.064638263,0.204784,-10.39666748,-0.494460553,0.399166673,10.02760315,2.850833327,8.416999817,0.149166673,-0.019105401,1
Sweden2010,Sweden,2010,0.027353333,0.447271638,0.061155975,-0.026006672,-0.001578379,0.223179559,5.198898315,1.157988071,0.504166663,5.767799377,2.385833442,8.699999809,-0.745833337,0.065704356,0
Sweden2011,Sweden,2011,0.024976574,0.432143604,0.05779693,-0.009221152,0.01905597,0.231766242,5.838516235,2.961150646,1.654166698,-1.322502136,0.955833197,7.875,-0.095833302,0.044001409,0
Sweden2012,Sweden,2012,0.023652663,0.453972232,0.052101563,0.003218611,0.016555227,0.220293085,-0.716407776,0.888377488,1.25333333,3.862602234,0.336666703,8.067000389,0.25333333,0.007943061,1
United States1986,United States,1986,0.053181335,0.145504757,0.365495506,0.034583603,0.122802188,0.237406386,-24.07926941,1.943928123,5.972499847,3.157100677,1.710000038,7,0.097499847,0.055462798,0
United States1987,United States,1987,0.05379873,0.15312398,0.351340982,0.018021845,0.093309821,0.236202468,-12.58720398,3.578211546,5.825833321,4.263000488,2.558333397,6.175000191,-0.986666679,0.060175898,0
United States1988,United States,1988,0.053398978,0.147955215,0.360913117,0.008721015,0.094335056,0.22827803,-6.188476563,4.100043774,6.671666622,4.516201019,2.173333645,5.492000103,-2.015833378,0.078518031,0
United States1989,United States,1989,0.051614789,0.138647641,0.372273117,0.001177252,0.079471717,0.225138058,3.658630371,4.791094303,8.11416626,3.276100159,0.388834,5.257999897,-0.13583374,0.077369674,0
United States1990,United States,1990,0.05342139,0.135929406,0.393008341,0.017067727,0.086839963,0.2152922,-5.159080505,5.419216156,7.510000229,0.426696777,1.051300049,5.617000103,0.510000229,0.056999108,0
United States1991,United States,1991,0.055988794,0.13948771,0.401388728,0.043829071,0.105510726,0.201106131,-1.46232605,4.215830326,5.409166813,-0.343898773,2.435433388,6.849999905,1.409166813,0.032698269,1
United States1992,United States,1992,0.058399319,0.148143136,0.394208741,0.022637179,0.094834553,0.200775705,-2.585441589,3.041615725,3.460000038,0.101501465,3.533199787,7.492000103,0.460000038,0.058816241,0
United States1993,United States,1993,0.061155908,0.157249953,0.388908914,0.019874382,0.082254926,0.203936184,2.964820862,2.969650269,3.019166708,1.325698853,2.827633142,6.907999992,0.019166708,0.051873395,0
United States1994,United States,1994,0.062267818,0.157153813,0.396222124,-0.012173236,0.044233313,0.212790884,-0.558296204,2.595604658,4.269999981,1.021701813,2.802400112,6.099999905,-1.230000019,0.062502638,0
United States1995,United States,1995,0.061715382,0.149622062,0.412475149,-0.004692013,0.041304369,0.212726491,-3.452659607,2.805419683,5.513333321,1.37789917,1.058466911,5.592000008,0.013333321,0.048373962,0
United States1996,United States,1996,0.060744383,0.137063827,0.443183179,-0.008758038,0.043334655,0.21701815,3.003181458,2.936672926,5.024166584,1.613800049,1.405433178,5.407999992,-0.225833416,0.056726078,0
United States1997,United States,1997,0.060722147,0.124758789,0.486716388,-0.023948741,0.025191921,0.224097155,5.120437622,2.33756566,5.070000172,2.781299591,1.269099712,4.941999912,-0.429999828,0.062482643,0
United States1998,United States,1998,0.061415314,0.119229816,0.5151003,-0.032356711,0.004648756,0.229583362,7.851898193,1.547007203,4.81916666,4.499500275,0.433133125,4.5,0.06916666,0.056573834,0
United States1999,United States,1999,0.066984151,0.114448688,0.5852767,-0.035696794,0.002116881,0.234191306,-1.152008057,2.193139315,4.65749979,5.27230072,0.984400272,4.217000008,-0.84250021,0.062712841,0
United States2000,United States,2000,0.061806656,0.107658294,0.574100274,-0.05872224,-0.041521181,0.236783642,3.899269104,3.366683245,5.839166641,7.100097656,0.190633297,3.967000008,-0.660833359,0.064351462,0
United States2001,United States,2001,0.06494233,0.107759181,0.60266169,0.001689907,0.035568863,0.221767128,6.763267517,2.816628695,3.451666594,6.316497803,1.553333521,4.742000103,1.701666594,0.03228744,0
United States2002,United States,2002,0.067431544,0.109496585,0.615832393,0.023920019,0.079132201,0.217226648,-0.307670593,1.595669627,1.612499952,7.989006042,2.981400251,5.782999992,0.362499952,0.032808668,0
United States2003,United States,2003,0.067982168,0.111207398,0.611309763,0.030800004,0.106191565,0.21745628,-7.923568726,2.297998428,1.013333321,10.09179688,2.989466667,5.992000103,0.013333321,0.048251147,0
United States2004,United States,2004,0.067216492,0.110057332,0.610740702,0.074739983,0.20194563,0.226521433,-5.596466064,2.667572498,1.373333335,15.94319916,2.886466622,5.541999817,-0.876666665,0.066403292,0
United States2005,United States,2005,0.065344486,0.105217369,0.621042768,-0.006689952,0.056509226,0.233757244,-1.561233521,3.365829945,3.151666641,18.08950806,1.133333206,5.083000183,-1.098333359,0.067282296,0
United States2006,United States,2006,0.063617583,0.099525297,0.639210182,-0.012650017,0.039113209,0.235375319,-0.91443634,3.222089529,4.721666813,0.51739502,0.070333004,4.607999802,-0.528333187,0.05954247,0
United States2007,United States,2007,0.061565788,0.094858814,0.649025488,0.003959981,0.054121888,0.225575708,-5.033668518,2.870550394,4.409999847,-13.24250031,0.221899986,4.617000103,0.159999847,0.047673992,0
United States2008,United States,2008,0.001206448,0.097170847,0.012415739,0.088509957,0.159935521,0.210374884,-4.450294495,3.814953327,1.460000038,-21.08119965,2.190399885,5.800000191,1.335000038,0.020424925,0
United States2009,United States,2009,0.00149996,0.113140104,0.013257549,0.13197003,0.156032478,0.177687584,4.254936218,-0.320357591,0.159999996,-2.14780426,3.08979997,9.282999992,0.034999996,-0.019756109,1
United States2010,United States,2010,0.001437015,0.115801406,0.012409304,0.085599975,0.141953891,0.186722152,-4.696296692,1.6365695,0.134166673,-3.620796204,3.063333318,9.607999802,0.009166673,0.039432336,0
United States2011,United States,2011,0.001799915,0.128880932,0.013965719,0.043340035,0.083716538,0.190335353,-4.991516113,3.139652252,0.057500001,-0.891799927,2.70610011,8.932999611,-0.067499999,0.036597918,0
United States2012,United States,2012,0.001766989,0.142457504,0.012403623,0.035630065,0.079182216,0.199507274,2.361289978,2.073190928,0.087499999,7.672599792,1.700299956,8.074999809,-0.037500001,0.041939054,0
United States2013,United States,2013,0.002365029,0.151043939,0.015657885,0.012780012,0.051413333,0.203792631,0.186233521,1.465971589,0.059166666,10.40679932,2.276333336,7.357999802,-0.065833334,0.038557595,0
United States2014,United States,2014,0.002399675,0.159878234,0.015009392,-0.000930112,0.04216565,0.209011949,1.639465332,1.615463257,0.035,5.658302307,2.495200004,6.157999992,-0.09,0.04309387,0
United States2015,United States,2015,0.002251674,0.165176097,0.013631959,0.00425001,0.043237868,0.21415187,10.70978546,0.121137232,0.052499998,6.603096008,2.079099905,5.275000095,-0.322500002,0.039009349,0